"# :Plate(file) = @{wkmc://""File:${file}""/700}",,,,,,,,,,,,
# :Gold(text) = <tspan fill='#7a3e13' font-weight='700'>${text}</tspan>,,,,,,,,,,,,
card_bbox,art=~[115%]m[0 -25%]!,title,subtitle,era,serial,icon_row=.L{?x1 g=.5}~i9,icon_column+=.L{1x? g=.5}~i9,icon_arc=.L{?x1 g=-1}~i7,lore1[xml],lore2[xml],lore3[xml],text_stack
{A4}.L{3x3 g=3 s=poker}.M{},":Plate(1000-1100, Norman. - 033 - Costumes of All Nations (1882).JPG)",THE NORMAN COURT,POWER IN LAYERS,NORMANDY · XI CENTURY,I,[icon_crown icon_shield icon_key],[icon_shield icon_sword icon_fleur],[icon_crown icon_shield icon_key],":TM(""STACKABLE PANELS"" brush_gold [0.05em 0.32em] behind) Every parchment contracts to its own copy; the column then repacks automatically with a true one-millimetre rhythm.",":TB(""INLINE HERALDRY"") Reserve one typographic space for :icon_shield~[92%]5 icon_crown~[38%]3:. Two independent layers share the same hole and baseline.",":TM(""ONE TEMPLATE"" brush_ruby [0.04em 0.28em] behind) Nine records become nine finished cards. Change the CSV—not the drawing.",[lore_frame1.T{i=y} lore_frame2.T{i=y} lore_frame3.T{i=y}].Layout{1x3 g=1}~2
,":Plate(1100, French - 034 - Costumes of All Nations (1882).JPG)",THE FRENCH RETINUE,RICH TEXT / SIMPLE DATA,FRANCE · XII CENTURY,II,[icon_coin icon_fleur icon_coin icon_crown],[icon_crown icon_key icon_sword],[icon_coin icon_crown icon_scroll],":TM(""RICH SVG TEXT"" brush_gold [0.05em 0.32em] behind) A cell can combine :TB(bold) :TI(italic) and :Gold(""custom colour"") through real editable tspans.",":TB(""MULTI-ICON SLOT"") A crown and seal can overlap inside the sentence :icon_coin~[92%]5 icon_crown~[36%]9: without manual coordinates.",":TM(""PRODUCTION READY"" brush_ink [0.04em 0.2em] front) Keep typography consistent while every record carries different content.",[lore_frame1.T{i=y} lore_frame2.T{i=y} lore_frame3.T{i=y}].Layout{1x3 g=1}~2
,":Plate(1100, German. - 032 - Costumes of All Nations (1882).JPG)",THE GERMAN GUARD,ARRAYS AS COMPOSITION,GERMANY · XII CENTURY,III,[icon_shield icon_sword icon_shield],[icon_sword icon_sword~^35 icon_sword~^-35],[icon_shield icon_key icon_crown],":TM(""HORIZONTAL ARRAYS"" brush_ruby [0.05em 0.3em] behind) Lay out shields in one row, distribute them precisely and anchor the result as one object.",":TB(""VERTICAL ARRAYS"") The side rail is the same mechanism in a 1×3 layout. Individual items may still rotate or scale.",":TM(""NESTED CONTROL"" brush_gold [0.04em 0.25em] behind) Compose locally first; Fit Anchor then places the complete heraldic unit.",[lore_frame1.T{i=y} lore_frame2.T{i=y} lore_frame3.T{i=y}].Layout{1x3 g=1}~2
,":Plate(1200, English - 038 - Costumes of All Nations (1882).JPG)",THE ENGLISH HOUSE,ART THROUGH A WINDOW,ENGLAND · XIII CENTURY,IV,[icon_scroll icon_key icon_scroll],[icon_fleur icon_crown],[icon_scroll icon_key icon_coin],":TM(""CROPPED ART"" brush_gold [0.05em 0.32em] behind) Wikimedia artwork fills a fixed window with cover-style cropping while the ornamental foreground remains untouched.",":TB(""REMOTE ART"") Combine Commons imagery with :icon_scroll~[88%]5 icon_key~[34%]3: reusable symbols embedded in the template.",":TM(""EDITABLE SVG"" brush_ink [0.03em 0.22em] front) The output remains inspectable vector artwork—not a flattened mock-up.",[lore_frame1.T{i=y} lore_frame2.T{i=y} lore_frame3.T{i=y}].Layout{1x3 g=1}~2
,":Plate(1200, French. - 039 - Costumes of All Nations (1882).JPG)",THE COURT OF FRANCE,MEASURED DECORATORS,FRANCE · XIII CENTURY,V,[icon_fleur icon_coin icon_fleur],[icon_crown icon_scroll icon_key],[icon_crown icon_coin icon_key],":TM(""SPAN DECORATORS"" brush_ruby) The ruby stroke measures only this phrase, then grows to match its real rendered width.",":TM(""FRONT LAYER"" brush_rect_yellow [0.02em 0.14em] front) Decorations can sit behind the type or cross it in front like ink, foil or a translucent marker.",":TB(""REAL GEOMETRY"") Inkscape supplies the exact span position once; PnPInk builds the path automatically.",[lore_frame1.T{i=y} lore_frame2.T{i=y} lore_frame3.T{i=y}].Layout{1x3 g=1}~2
,":Plate(1200, German. - 036 - Costumes of All Nations (1882).JPG)",THE IMPERIAL ENVOYS,CONTENT DEFINES HEIGHT,GERMANY · XIII CENTURY,VI,[icon_coin icon_scroll icon_shield],[icon_fleur icon_scroll icon_coin],[icon_coin icon_scroll icon_shield],":TM(""NO FIXED HEIGHT"" brush_gold [0.05em 0.32em] behind) Short text creates a short panel.",":TB(""LONGER COPY REFLOWS"") Add another sentence and the parchment grows only as much as needed. Neighbouring panels move, maintaining the same gap.",":TM(""EMPTY MEANS GONE"" brush_ruby [0.04em 0.28em] behind) Leave a field blank and its private frame disappears from the final stack.",[lore_frame1.T{i=y} lore_frame2.T{i=y} lore_frame3.T{i=y}].Layout{1x3 g=1}~2
,":Plate(1200, Italian. - 037 - Costumes of All Nations (1882).JPG)",THE ITALIAN LEGATION,TRANSFORM EACH DETAIL,ITALY · XIII CENTURY,VII,[icon_sword icon_key icon_coin icon_scroll],[icon_coin icon_coin],[icon_key~^18 icon_coin icon_scroll~^-14],":TM(""FIT · ANCHOR · TRANSFORM"" brush_gold [0.05em 0.32em] behind) Scale, crop, align, rotate and offset each component with compact notation in the dataset.",":TB(""CONTROL THE LAYERS"") Place :icon_key~[84%]5^18 icon_coin~[34%]3: together, yet transform either one independently inside the shared slot.",":TM(""COMPOSITION FIRST"" brush_ink [0.03em 0.2em] front) Arrays behave as one visual unit when anchored to their placeholder.",[lore_frame1.T{i=y} lore_frame2.T{i=y} lore_frame3.T{i=y}].Layout{1x3 g=1}~2
,":Plate(1300, Italian. - 043 - Costumes of All Nations (1882).JPG)",THE FLORENTINE COURT,ONE DRAWING / MANY WORLDS,ITALY · XIV CENTURY,VIII,[icon_scroll icon_fleur icon_scroll],[icon_crown icon_fleur icon_key],[icon_scroll icon_crown icon_shield],":TM(""VARIABLE DATA PUBLISHING"" brush_ruby [0.05em 0.34em] behind) Connect a CSV or Google Sheet and turn rows into a coherent deck, event badge set or personalised print run.",":TB(""DESIGNER FRIENDLY"") Draw placeholders in Inkscape. Name them once. Then describe variations using readable cells and snippets.",":TM(""MASSIVE OUTPUT"" brush_gold [0.04em 0.28em] behind) Produce hundreds of unique pages without duplicating the design by hand.",[lore_frame1.T{i=y} lore_frame2.T{i=y} lore_frame3.T{i=y}].Layout{1x3 g=1}~2
,":Plate(1400, Spanish. - 059 - Costumes of All Nations (1882).JPG)",THE IBERIAN CROWN,THE COMPLETE CODEX,IBERIA · XV CENTURY,IX,[icon_crown icon_shield icon_coin icon_key],[icon_shield icon_fleur icon_shield icon_sword],[icon_crown icon_shield icon_coin icon_key],":TM(""THE WHOLE SYSTEM"" brush_gold [0.05em 0.32em] behind) Dynamic frames, rich tspans, measured decorators, remote art and reusable assets live in one ordinary SVG template.",":TB(""FAST ITERATION"") Edit a line, press Generate and review a complete sheet. The warm measurement engine handles :icon_crown~[88%]5 icon_shield~[36%]3: inline.",":TM(""MAKE IT YOURS"" brush_rect_border) Replace the art and copy; retain the production logic and visual consistency.",[lore_frame1.T{i=y} lore_frame2.T{i=y} lore_frame3.T{i=y}].Layout{1x3 g=1}~2
