# _DM_reset_to = 0,,,,,,,,,,
# :fig(node) = @{wkmc://File:Russian_playing_card_deck_(face_cards)_designed_by_Adolf_Charlemagne.svg/svg#${node}},,,,,,,,,,
# :backpattern(i) = @{wkmc://Category:Vintage_pattern_from_The_Practical_Decorator_and_Ornamentist/1000}[${i}],,,,,,,,,,
# :all_suits() = *[@{icon://heart-suit} @{icon://diamond-suit} @{icon://club-suit} @{icon://spade-suit}],,,,,,,,,,
,,,,,,,,,,
bbox_main,text_corner-7,icon_corner-7,text_corner-3,icon_corner-3,main_art-8=~[10x10],main_art-8=~[10x10],main_art-2=~[10x10],main_art-2=~[10x10],{bbox_back @back},back_art-5=:backpattern(7)~a!
{A4 b=-5}.L{g=2 s=miniasia}.M{},1,:all_suits(),1,:all_suits(),:all_suits()~[25x25]i2,,,,,
,2,:all_suits(),2,:all_suits(),:all_suits()~8,,:all_suits()~2^^,,,
,3,:all_suits(),3,:all_suits(),:all_suits()~2,:all_suits()~8,:all_suits()~2^^,,,
,4,:all_suits(),4,:all_suits(),:all_suits()~7 :all_suits()~9 ,,:all_suits()~1^^ :all_suits()~3^^,,,
,5,:all_suits(),5,:all_suits(),:all_suits()~2,:all_suits()~7 :all_suits()~9 ,:all_suits()~1^^ :all_suits()~3^^,,,
,6,:all_suits(),6,:all_suits(),:all_suits()~1 :all_suits()~3 ,:all_suits()~7 :all_suits()~9 ,:all_suits()~1^^ :all_suits()~3^^,,,
,7,:all_suits(),7,:all_suits(),:all_suits()~5 ,:all_suits()~1 :all_suits()~3 :all_suits()~7 :all_suits()~9 ,:all_suits()~1^^ :all_suits()~3^^,,,
,8,:all_suits(),8,:all_suits(),:all_suits()~4[0 5%] :all_suits()~6[0 5%],:all_suits()~7 :all_suits()~9 ,:all_suits()~1^^ :all_suits()~3^^,:all_suits()~4^^[0 -5%] :all_suits()~6^^[0 -5%],,
,9,:all_suits(),9,:all_suits(),:all_suits()~5 :all_suits()~7 :all_suits()~9 ,:all_suits()~4[0 5%] :all_suits()~6[0 5%],:all_suits()~1^^ :all_suits()~3^^,:all_suits()~4^^[0 -5%] :all_suits()~6^^[0 -5%],,
,10,:all_suits(),10,:all_suits(),:all_suits()~5 :all_suits()~7 :all_suits()~9 ,:all_suits()~4[0 5%] :all_suits()~6[0 5%],:all_suits()~1^^ :all_suits()~3^^,:all_suits()~5^^ :all_suits()~4^^[0 -5%] :all_suits()~6^^[0 -5%],,
,J,:all_suits(),J,:all_suits(),:all_suits()~7,*[:fig(g918)~^^ :fig(g1720) :fig(g1264) :fig(g13590)]~[0%]5,:all_suits()~3^^,*[:fig(g918)~^^ :fig(g1720) :fig(g1264) :fig(g13590)]~[0%]^^,,
,Q,:all_suits(),Q,:all_suits(),:all_suits()~7,*[:fig(g11260) :fig(g9864) :fig(g6450)~^^ :fig(g8736)]~[0%]8,:all_suits()~3^^,*[:fig(g11260) :fig(g9864) :fig(g6450)~^^ :fig(g8736)]~[0%]8^^,,
,K,:all_suits(),K,:all_suits(),:all_suits()~7,*[:fig(g2676) :fig(g4368) :fig(g6984) :fig(g11968)~8]~[0%]5,:all_suits()~3^^,*[:fig(g2676) :fig(g4368) :fig(g6984) :fig(g11968)~8]~^^[0%]5 ,,
,,,,,,,,,,
,,,,,,,,,,
,,,,,,,,,,
,,,,,,,,,,
,,,,,,,,,,
,,,,,,,,,,
,,,,,,,,,,
,,,,,,,,,,
,,,,,,,,,,
,,,,,,,,,,
,,,,,,,,,,
,,,,,,,,,,
,,,,,,,,,,
,,,,,,,,,,
,,,,,,,,,,
,,,,,,,,,,
,,,,,,,,,,
,,,,,,,,,,
,,,,,,,,,,
## {A4 b=-5}.L{s=miniusa}.M{},*[1..10 J Q K],#REF!,*[1..10 J Q K],#REF!,#REF!,,,,,