"# :Art(file) = @{wkmc://""File:Haeckel ${file}.jpg""}",,,,,,,,,,,
"## Custom color and bold text:",,,,,,,,,,,
"# :Hi(text color) = <tspan fill='${color}' font-weight='700'>${text}</tspan>",,,,,,,,,,,
"# :Jelly() = @{wkmc://""File:Haeckel Discomedusae 8.jpg""/300}",,,,,,,,,,,,,
"# :Coral() = @{wkmc://""File:Haeckel Florideae.jpg""/300}",,,,,,,,,,,,,
"# :Colony() = @{wkmc://""File:Haeckel Siphonophorae 59.jpg""/300}",,,,,,,,,,,,,
"# :Plant() = @{wkmc://""File:Haeckel Nepenthaceae.jpg""/300}",,,,,,,,,,,,,,
card_bbox,art,title,subtitle,serial,accent_bar[stroke],card_bbox[stroke],icon_row,icon_column,icon_grid,ability1[xml],ability2[xml],ability3[xml],text_stack
{A4}.L{g=5 s=poker}.M{},:Art(Discomedusae 8)~m!,AURELIA PROTOCOL,LIVING GEOMETRY,01,#ff4fb3,#5ce1e6,"[:Jelly()~m! :Coral()~m! :Colony()~m!].L{3x1 g=0.5}~i5","[icon_stack icon_orbit icon_badge].L{1x3 g=0.5}~i5","[icon_stack icon_orbit icon_badge icon_spark].L{2x2 g=0.5}~i5",":TM(""STACKABLE FRAMES"" brush_gold [0.08em 0.35em]) Each panel contracts to its own content. The full column then repacks from the bottom with a real 1 mm gap.",":TB(""INLINE ICONS"") One text flow can reserve a hole for :icon_orbit~[88%]5 icon_badge~[38%]3:. The star is layered above the orbit without a new SVG group.",":TM(""PATH DECORATOR"" brush_cyan [0.05em 0.3em] front) This translucent stroke follows only the measured span while the paragraph remains editable.","[ability_frame1.T{i=a} ability_frame2.T{i=a} ability_frame3.T{i=a}].Layout{1x3 g=1}~2"
,":Art(Florideae)~m!",SIGNAL GARDEN,COMPOSABLE RICH TEXT,02,#ff7a5c,#ff4fb3,"[icon_stack icon_orbit icon_badge icon_spark].L{4x1 g=0.4}~i5","[:Colony()~m! :Coral()~m! :Jelly()~m!].L{1x3 g=0.5}~i5","[:Jelly()~m! :Coral()~m! :Colony()~m! :Plant()~m!].L{2x2 g=0.5}~i5",":TM(""RICH XML"" brush_gold) A dataset cell can combine :TB(bold) :TI(italic) and :Hi(""custom color"" #5ce1e6) as nested SVG tspans.",":TB(""MULTI-ICON HOLE"") :icon_stack~[92%]5 icon_spark~[34%]9: shares one typographic slot. Fit Anchor controls every layer independently.",":TM(""NO FIXED HEIGHT"" brush_cyan [0.05em 0.3em]) Add or remove a sentence. The panel and everything below it move automatically.","[ability_frame1.T{i=a} ability_frame2.T{i=a} ability_frame3.T{i=a}].Layout{1x3 g=1}~2"
,":Art(Siphonophorae 59)~m!",COLONY MIND,ONE QUERY / MANY EFFECTS,03,#ffd75e,#8c7cff,"[:Coral()~m! :Jelly()~m! :Colony()~m!].L{3x1 g=0.5}~i5","[icon_badge icon_rotate icon_spark].L{1x3 g=0.5}~i5","[icon_badge icon_rotate~^20 icon_spark icon_orbit].L{2x2 g=0.5}~i5",":TM(""SHARED MEASUREMENT"" brush_gold [0.08em 0.35em]) Inline holes dynamic frames and decorators are measured together through one warm Inkscape shell.",":TB(""TRANSFORM IN PLACE"") Rotate :icon_rotate~[82%]5^25: or offset artwork inside the hole without touching the surrounding text baseline.",":TM(""DATA-DRIVEN LENGTH"" brush_cyan [0.02em 0.25em]) Each row controls the copy while the template keeps the visual system coherent.","[ability_frame1.T{i=a} ability_frame2.T{i=a} ability_frame3.T{i=a}].Layout{1x3 g=1}~2"
,":Art(Nepenthaceae)~m!",PATIENT ENGINE,DESIGN ONCE / REFLOW ALWAYS,04,#5ce1e6,#ffd75e,"[icon_spark icon_badge icon_orbit icon_stack].L{4x1 g=0.4}~i5","[:Jelly()~m! :Colony()~m! :Coral()~m!].L{1x3 g=0.5}~i5","[:Plant()~m! :Colony()~m! :Coral()~m! :Jelly()~m!].L{2x2 g=0.5}~i5",":TM(""VARIABLE DATA"" brush_cyan [0.08em 0.35em]) Every row may contain a different amount of text and still use the same Inkscape template.",":TB(""TEXT INSIDE ICONS"") A reusable badge can receive its own value with :icon_badge.T{t=4}~[62%]5: while preserving the original vector artwork.",":TM(""EDITABLE OUTPUT"" brush_cyan [0.02em 0.25em]) The result is still SVG. Inspect the tspans paths icons and private frames directly in Inkscape.","[ability_frame1.T{i=a} ability_frame2.T{i=a} ability_frame3.T{i=a}].Layout{1x3 g=1}~2"
